approved_term,synonyms,category,wrong_usages,context_examples
аналіз даних тесту,тестовий аналіз; обробка даних тесту,,,
адміністративна стандартизація,нормативне управління; адміністративне регулювання,,,
військова стандартизація,нормативи військової сфери; стандартизація для армії,,,
виконавець робіт із військової стандартизації,виконавець військових стандартів; розробник стандартів,,,
замовник робіт із військової стандартизації,замовник стандартів; ініціатор стандартів,,,
запровадження стандарту,впровадження стандарту; нормативна імплементація,,,
матеріальна стандартизація,нормалізація матеріальних ресурсів; стандартизація ресурсів,,,
міжвідомча робоча група,міжвідомча група; координаційна група,,,
міжнародна військова стандартизація,міжнародна стандартизація для військових; глобальна військова нормалізація,,,
об'єкт військової стандартизації,об'єкт військових нормативів; предмет стандартизації,,,
оперативна стандартизація,стандарти для операцій; оперативні норми,,,
орган військової стандартизації,орган регулювання військових стандартів; орган з військової нормалізації,,,
організація з військової стандартизації,організація військової нормалізації; група з військових стандартів,,,
процес військової стандартизації,процес нормалізації військових стандартів; військовий процес нормалізації,,,
регіональна військова стандартизація,регіональна нормалізація для армії; локальна військова стандартизація,,,
робоча група,трудова група; група для виконання завдань,,,
система військової стандартизації,система нормалізації військових стандартів; система військових нормативів,,,
сфера військової стандартизації,область військових стандартів; поле військової нормалізації,,,
взаємозамінність,інтерчейнджабельність; заміна компонентів,,,
взаємосумісність,сумісність; інтероперабельність,,,
відповідність призначеності,фітнес до призначення; відповідність задачі,,,
симпліфікація,спрощення; спрощений підхід,,,
сумісність,гармонія; поєднання,,,
типізація,класифікація; типологія,,,
уніфікація,стандартизація; узгодженість,,,
уніфікованість,загальність; спільність,,,
військовий стандарт,норма військових стандартів; військова норма,,,
довідник,інформаційний посібник; науковий довідник,,,
європейський стандарт,норма європейських стандартів; європейська норма,,,
каталог,перелік; список,,,
міждержавний стандарт,міжнародна норма; інтерстатус стандарт,,,
міжнародний нормативний документ,глобальний стандарт; міжнародний регламент,,,
міжнародний стандарт,глобальний стандарт; стандарт світового рівня,,,
національний стандарт,національна норма; державний стандарт,,,
нормативний документ з військової стандартизації,військовий нормативний акт; документ військової нормалізації,,,
регіональний військовий стандарт,місцева військова норма; локальний військовий стандарт,,,
регіональний стандарт,місцевий стандарт; регіональна норма,,,
словник термінів,лексикон; глосарій,,,
словник спеціальних термінів,глосарій спеціальних термінів; військовий лексикон,,,
стандарт у сфері оборони,оборонний стандарт; норма оборонної сфери,,,
військовий стандарт на методи випробування,стандарт тестування; норма випробувань військової техніки,,,
військовий стандарт на послугу,стандарт на військові послуги; норма на послуги армії,,,
військовий стандарт на предмети постачання,стандарт постачання; норма поставок військових виробів,,,
військовий стандарт на процес,норма військових процесів; стандарт виконання процесів,,,
військовий стандарт на сумісність,інтерфейсний стандарт; норма сумісності,,,
військовий термінологічний стандарт,термінологічна норма військових термінів; стандарт термінів,,,
основоположний військовий стандарт,базовий військовий стандарт; стандарт основи,,,
багатосторонньо згармонізовані військові стандарти,багатосторонньо узгоджені військові стандарти; гармонізовані військові норми,,,
гармонізовані (згармонізовані) військові стандарти,синхронізовані військові стандарти; уніфіковані військові норми,,,
двосторонньо згармонізовані військові стандарти,двосторонньо узгоджені військові стандарти; білатеральні військові стандарти,,,
ідентичні військові стандарти,однакові військові стандарти; ідентичні норми,,,
міжнародно згармонізовані військові стандарти,глобально узгоджені військові норми; гармонізовані на міжнародному рівні стандарти,,,
односторонньо узгоджений військовий стандарт,військовий стандарт; узгоджений з одного боку; однобічний узгоджений стандарт,,,
порівнювані військові стандарти,військові стандарти для порівняння; порівнювані норми,,,
регіонально згармонізовані військові стандарти,регіонально узгоджені військові стандарти; локально гармонізовані стандарти,,,
уніфіковані військові стандарти,об'єднані військові стандарти; уніфіковані норми,,,
вид,тип; категорія,,,
зміна1,корекція; внесення змін,,,
ключове слово,ключовий термін; основний термін,,,
консенсус,загальна згода; одностайність,,,
нове видання,оновлене видання; перевидання,,,
перевірка1,ревізія; контроль,,,
перевидання,друге видання; друк повторний,,,
перегляд,перевірка; ревізія,,,
поправка,виправлення; корекція,,,
принцип зворотності,правило оберненої дії; зворотний принцип,,,
програма робіт з військової стандартизації,план стандартизації; програма військових стандартів,,,
тема військової стандартизації,предмет стандартизації; тематичний військовий проект,,,
технічний зміст,технічна частина; суть технічного стандарту,,,
строк дії чинності нормативного документа,період чинності; часова рамка дії,,,
структура,побудова; організація,,,
застосування нормативного документа,імплементація стандарту; використання нормативного акту,,,
непряме застосування нормативного документа,посилання на документ; недирективне застосування,,,
"прийняття міжнародного, регіонального військового стандарту",затвердження міжнародного стандарту; введення регіональної норми,,,
"пряме застосування міжнародного, регіонального стандарту",безпосереднє використання стандарту; пряма імплементація,,,
датоване посилання (на військові стандарти),посилання зі сталою датою; фіксоване посилання на стандарти,,,
загальне посилання (на військові стандарти),загальне посилання; узагальнене посилання на стандарти,,,
недатоване посилання (на військові стандарти),нефіксоване посилання на стандарти; динамічне посилання,,,
обов'язковий військовий стандарт,норма військового обов'язку; обов'язковий стандарт,,,
посилання на військові стандарти (в нормативно-правових актах),згадка про стандарти у правових актах; нормативна прив'язка до військових стандартів,,,
багатонаціональна публікація,міжнародна публікація; публікація багатонаціональної коаліції,,,
вимога зі стандартизації,вимоги до норми; вимога стандарту,,,
вищий керівний орган НАТО,орган управління НАТО; вищий штаб НАТО,,,
додаток,апендикс; вкладення,,,
доктрина,принцип; основна доктрина,,,
документ НАТО зі стандартизації,стандарт НАТО; нормативний документ НАТО,,,
доповнення,включення; доповнення до стандарту,,,
запровадження,імплементація; введення стандарту,,,
застереження,резервація; обмеження,,,
зміна2,корекція; другий варіант зміни,,,
зовнішній стандарт,норматив не-NATO; стандарт зовнішніх сил,,,
керівний орган НАТО з делегованими повноваженнями,орган із делегованими функціями НАТО; адміністрація делегованих функцій НАТО,,,
ключова публікація,основна публікація; ключова публікація НАТО,,,
концепція,задум; ідея,,,
перевірка2,перевірка на точність; перегляд документу,,,
пов'язаний зі стандартами документ,документ стандарту; документ; що стосується норм,,,
політика,стратегія; політичний курс,,,
проєкт на стадії вивчення,дослідний проєкт; проєкт на стадії вивчення,,,
процес стандартизації НАТО,процедура стандартизації НАТО; процес прийняття стандартів НАТО,,,
ратифікація,офіційне затвердження; ратифікація стандарту,,,
ратифікаційний проєкт,проект ратифікації; затверджуваний проєкт,,,
рекомендація НАТО зі стандартизації,рекомендація стандартів НАТО; вказівка стандартів НАТО,,,
союзна публікація,міжсоюзна публікація; спільний стандарт,,,
союзна спільна публікація,публікація об'єднаних сил; спільна союзна публікація,,,
союзний стандарт,спільний стандарт; міжсоюзний стандарт,,,
стандарт НАТО,норматив НАТО; стандарт НАТО,,,
ад'юнкт,помічник професора; докторант,,,
академічна доброчесність,наукова етика; академічна чесність,,,
академічний плагіат,науковий плагіат,,,
академічна свобода,свобода досліджень,,,
аналітично-синтетична обробка,аналіз і синтез даних,,,
викладацька діяльність,педагогічна діяльність; навчання,,,
винахід,інновація; технічна розробка,,,
винахідник,інноватор; технічний розробник,,,
виробничо-орієнтована наукова установа,виробнича лабораторія; науково-виробнича установа,,,
високі технології,передові технології; хай-тек,,,
вищий військовий навчальний заклад,військова академія; військовий інститут,,,
військова техніка,оборонна техніка; армійська техніка,,,
Всесвітня організація інтелектуальної власності,ВОІВ,,,
вчений,дослідник; науковець,,,
грант,фінансування; стипендія,,,
дата пріоритету,першочергова дата; пріоритетна дата,,,
державна дослідницька інфраструктура,національна дослідницька база; державний науковий центр,,,
державна система правової охорони інтелектуальної власності,система охорони прав інтелектуальної власності,,,
державні випробування,національні випробування; державна перевірка,,,
докторант,докторський кандидат; аспірант,,,
дослідний зразок,експериментальний зразок; прототип,,,
дослідницька інфраструктура,наукова інфраструктура; лабораторна інфраструктура,,,
дослідно-конструкторська робота,експериментальна розробка; інженерна розробка,,,
ескізний проєкт зразка,первинний проєкт; план зразка,,,
захист інформації,інформаційна безпека; захист даних,,,
Європейський дослідницький простір,європейська наукова зона; наукова співпраця в Європі,,,
зброя військового призначення,оборонна зброя; військове озброєння,,,
здобувачі освіти,учні; студенти,,,
інновації,технічні нововведення; нові технології,,,
інноваційна діяльність,новаторська діяльність; впровадження новинок,,,
інноваційне підприємство,новаторське підприємство; технологічний центр,,,
інноваційна інфраструктура,новаторська база; технологічна інфраструктура,,,
кваліфікація,професійна підготовка; спеціалізація,,,
компетентність,фаховість; професіоналізм,,,
конструкторська документація,технічна документація; планування,,,
ліцензія,дозвіл; патент,,,
міжнародна заявка,глобальна заявка; інтернаціональний запит,,,
модернізація зразка,оновлення зразка; модернізація прототипу,,,
військовий,воєнний; армійський; бойовий; збройний,,,
стандарт,норма; регламент,,,
стандартизація,уніфікація; гармонізація,,,
роботи,завдання; процес; робота; активність,,,
група,команда; орган; секція; колектив,,,
міжнародний,глобальний; світовий; інтернаціональний; закордонний,,,
національний,державний; урядовий; вітчизняний; республіканський,,,
матеріальна,технічна; матеріальна база,,,
сфера,галузь; область; простір; сектор,,,
процес,процедура; діяльність; хід; операція,,,
об'єкт,предмет; ціль; мета; завдання,,,
оперативна,активна; функціональна; операційна; діюча,,,
організація,установа; агенція; об'єднання; інституція,,,
регламент,правила; норми; порядок; статут,,,
документ,акт; папір; матеріал,,,
молодий вчений,молодий дослідник; науковий новачок,,,
наукова діяльність,дослідницька діяльність; науково-дослідна робота,,,
наукова експедиція,дослідницька подорож; наукова місія,,,
наукова  науково-технічна продукція,наукова продукція; технічна продукція,,,
наукова  науково-технічна робота,наукова праця; дослідницька робота,,,
наукова  науково-дослідна науково-технологічна науково-технічна науково-практична установа,наукова установа; дослідницький інститут,,,
наукове видавництво,дослідницьке видавництво,,,
наукове видання,дослідницьке видання,,,
наукове супроводження,дослідницька підтримка,,,
науковий підрозділ,дослідницький підрозділ; науковий відділ,,,
науковий працівник,дослідник; науковець,,,
науковий  науково-технічний проєкт,дослідницький проєкт; технічний проєкт,,,
науковий результат,дослідницький результат; підсумок досліджень,,,
науково-інформаційна діяльність,інформаційна робота в науці; науково-інформаційна робота,,,
науково-організаційна діяльність,організаційна діяльність в науці,,,
науково-педагогічна діяльність,дослідницько-викладацька діяльність,,,
науково-педагогічний працівник,викладач-дослідник,,,
науково-технічна інформація,технічні дані; науково-технічні дані,,,
науково-технічна діяльність,технічні дослідження; дослідницька технічна робота,,,
науково-технічне супроводження,технічний супровід,,,
науково-технічний  прикладний  результат,практичний результат,,,
науково-технічні (експериментальні) розробки,технічні експерименти; наукові розробки,,,
національний орган інтелектуальної власності ; НОІВ,орган захисту інтелектуальної власності,,,
ноу-хау,інновація; технологічний секрет,,,
озброєння,зброя; військова техніка,,,
основна діяльність наукових установ,головна діяльність наукових інститутів,,,
"патент (на винахід, на секретний винахід, на корисну модель, на секретну корисну модель)",право на винахід; патент на модель,,,
патентна чистота,вільність від патентів,,,
прийняття на озброєння  постачання зразка,введення в експлуатацію; доставка зразка,,,
прикладні наукові дослідження,практичні дослідження; дослідницька робота,,,
пріоритетні напрями розвитку науки і техніки,основні напрямки науки; пріоритети в науці,,,
пріоритетні тематичні напрями наукових досліджень і науково-технічних розробок,головні напрямки наукових досліджень,,,
продукція оборонного призначення,оборонна продукція; військова продукція,,,
реєстр,список; перелік,,,
самоплагіат,повторна публікація; автоплагіат,,,
секретний винахід ; секретна корисна модель,таємний винахід; секретна розробка,,,
службовий винахід ; службова корисна модель,офіційний винахід,,,
тактико-технічне завдання,технічне завдання; тактичне завдання,,,
тактико-технічне  технічне завдання на виконання дослідно-конструкторських робіт,завдання на проектування; розробницьке завдання,,,
технічна документація,технічні папери; документація,,,
технічне завдання,завдання на проектування,,,
технічний проєкт зразка,проект прототипу,,,
технічні засоби захисту,засоби безпеки,,,
технологічна документація,інструкції; технологічні документи,,,
технологія,метод; техніка,,,
технології подвійного призначення,технології для подвійного використання; двосторонні технології,,,
трансфер технології,передача технологій,,,
уповноважений орган з питань формування та забезпечення реалізації державної політики у сфері трансферу технологій,орган з передачі технологій,,,
фабрикація,виробництво; виготовлення,,,
фундаментальні наукові дослідження,базові дослідження; основні наукові роботи,,,
агентство,установа; організація,,,
актор,учасник; фігурант,,,
аналітик,дослідник; експерт,,,
автоматизована система управління військової розвідки ; АСУВР,,,,
ведення {вести} розвідки,проведення розвідки; управління розвідкою,,,
викриття {викривати} об'єкта розвідки,виявлення об'єкта розвідки; розкриття інформації,,,
вимоги до розвідки,правила розвідки; нормативи розвідки,,,
виявлення {виявляти} об'єкта розвідки,розкриття об'єкта розвідки; знаходження об'єкта,,,
взаємодія сил і засобів розвідки,координація розвідувальних сил; спільна робота розвідки,,,
воєнна розвідка,військова розвідка,,,
добування,отримання; видобування інформації,,,
дійова особа,учасник дії; персонаж,,,
доведення (розвідувальної інформації),передача розвідданих,,,
дорозвідка,додаткова розвідка; поглиблена розвідка,,,
ефективність розвідки,результативність розвідки; продуктивність розвідувальних дій,,,
зона (відповідальності за) ведення розвідки,район розвідки,,,
зона район детальної розвідки,детальна зона розвідки,,,
зона оглядової розвідки,оглядова зона розвідки,,,
зона спостереження,сектор спостереження; область моніторингу,,,
індикатор,показник,,,
інформаційна робота ІР,інформаційна діяльність,,,
інформаційно-аналітична діяльність (у воєнній розвідці),аналітична робота в розвідці,,,
інформаційно-аналітична робота ІАР,аналітична робота,,,
"комплексн а розвідка, спостереження та дорозвідка",комплексна операція розвідки,,,
комплект розвідки,набір обладнання розвідки; інструментарій розвідки,,,
маневр силами і засобами розвідки,перегрупування розвідувальних сил; операція з маневрування,,,
мета розвідки,ціль розвідки; завдання розвідувальної операції,,,
нарощування {нарощувати} зусиль розвідки,підсилення розвідки,,,
націлювання,визначення цілі; планування цілей,,,
"область (зона, район) інтересів розвідки",зона інтересів,,,
об'єднана розвідка,спільна розвідка,,,
об'єднана розвідувальна оцінка оперативної обстановки,спільна оцінка обстановки,,,
об'єкт розвідки,ціль розвідки,,,
обробка (розвідувальної інформації),аналіз розвідувальної інформації,,,
організація розвідки,управління розвідкою; координація розвідувальних дій,,,
першочергові (важливі); найважливіші об'єкти розвідки,головні цілі розвідки,,,
планування {планувати} розвідки,розробка плану розвідки,,,
попереднє вивчення об'єкта розвідки,попередній аналіз об'єкта,,,
район особливої уваги,зона підвищеної уваги; критична область,,,
розвідка,розвідувальна діяльність; розвідоперація,,,
розвідка противника,спостереження за ворогом; військова розвідка противника,,,
"розвідка спільна, спостереження і виявлення",спільне виявлення,,,
розвідувальна архітектура,структура розвідки,,,
розвідувальна інформація; РІ,інформація з розвідки,,,
розвідувальна інформація стратегічного рівня,стратегічні дані,,,
розвідувальна інформація оперативного рівня,оперативні дані,,,
розвідувальна ознака,ознака розвідки; індикатор розвідки,,,
розвідувальна операція,операція розвідки,,,
розвідувальне забезпечення стратегічних комунікацій,підтримка стратегічної комунікації,,,
розвідувальне завдання,операція розвідки; завдання розвідників,,,
розвідувальний орган держави,орган державної розвідки,,,
розвідувальний цикл; РЦ,операційний цикл розвідки; цикл розвідувальних заходів,,,
розвідувальний контакт,зв'язок розвідників; контакт з об'єктом,,,
розвідувальні відомості; РВ,дані розвідки; звіт розвідки,,,
розвідувальні дані; РД,інформація розвідки; збір даних,,,
розвідувальні матеріали; РМ,матеріали для аналізу; документи розвідки,,,
розвідувально-інформаційна робота,аналітична робота розвідки,,,
сигнатурний метод,метод підпису,,,
система воєнної розвідки,військова розвідувальна система,,,
споживач (розвідувальної інформації),користувач даних; отримувач розвідки,,,
спроможності з розвідки,можливості розвідки,,,
суб'єкт розвідувальної діяльності,учасник розвідки,,,
управління розвідкою,контроль розвідки; координація розвідки,,,
агентурна розвідка,шпигунська розвідка,,,
акустична розвідка,розвідка звуків; розвідка акустичних сигналів,,,
артилерійська розвідка,розвідка артилерії; моніторинг артилерійських позицій,,,
біологічна розвідка,розвідка біологічних об'єктів,,,
хімічна розвідка,розвідка хімічних речовин,,,
радіологічна розвідка,радіоактивна розвідка,,,
ядерна розвідка,розвідка ядерних об'єктів,,,
видова розвідка,моніторинг зображень; візуальна розвідка,,,
візуальна розвідка,розвідка зображень; спостереження,,,
звукова розвідка,розвідка на основі звуків,,,
військова розвідка,розвідувальна діяльність армії; воєнна розвідка,,,
геопросторова розвідка,розвідка території,,,
гідроакустична розвідка,розвідка під водою,,,
гідрографічна розвідка,розвідка водних ресурсів,,,
гідрометеорологічна розвідка,розвідка погоди; моніторинг метеоумов,,,
звукометрична розвідка,моніторинг звуків; розвідка звукових сигналів,,,
інтегрована розвідка,комплексна розвідка,,,
інженерна розвідка,технічна розвідка; інженерний моніторинг,,,
кібернетична розвідка,комп'ютерна розвідка,,,
космічна розвідка,розвідка космічного простору,,,
лазерна розвідка,розвідка за допомогою лазерів,,,
магнітометрична розвідка,розвідка магнітних полів,,,
медична розвідка,розвідка медичних даних,,,
морська розвідка,флотська розвідка,,,
наземна розвідка,розвідка наземних об'єктів,,,
наукова розвідка,дослідження,,,
оперативна розвідка,оперативне спостереження; швидка розвідка,,,
оптична розвідка,розвідка за допомогою оптики,,,
оптико-електронна розвідка,електронна оптична розвідка,,,
параметрична розвідка,розвідка параметрів,,,
сигнатурна розвідка,розвідка за підписами,,,
повітряна розвідка,авіаційна розвідка,,,
радіоелектронна розвідка,моніторинг радіохвиль; електронна розвідка,,,
радіолокаційна розвідка,моніторинг радарів; розвідка з використанням радіолокації,,,
радіометрична розвідка,розвідка радіохвиль,,,
радіорозвідка,розвідка радіосигналів; радіоспостереження,,,
радіотехнічна розвідка,електронна розвідка; технічний моніторинг,,,
розвідка збройних сил,воєнна розвідка,,,
розвідка з відкритих джерел,освітня розвідка,,,
сейсмоакустична розвідка,розвідка за допомогою звукових коливань,,,
спеціальна розвідка,особлива розвідка; спецоперація,,,
стратегічна розвідка,глобальна розвідка,,,
тактична розвідка,тактичний моніторинг; оперативна розвідка,,,
тактична особова розвідка (en,human intelligence): персональна розвідка; людська розвідка,,,
тепловізійна розвідка,інфрачервона розвідка; моніторинг температури,,,
технічна розвідка (en,technical intelligence): інженерна розвідка,,,
тилова розвідка,тилове спостереження,,,
топогеодезична розвідка,геодезична розвідка; топографічна розвідка,,,
фотографічна розвідка; фоторозвідка,зображувальна розвідка,,,
військова частина підрозділ розвідки,розвідувальна частина,,,
група управління розвідкою,команда управління розвідкою,,,
командно-розвідувальний центр (пункт); КРЦ (КРП),оперативний розвідувальний центр; координаційний центр розвідки,,,
орган добування,агентура; підрозділ збирання інформації,,,
орган управління розвідкою; ОУР,контрольний орган розвідки,,,
пункти управління розвідки,центри управління розвідкою,,,
розвідувальний підрозділ,відділ розвідки; розвідувальна команда,,,
розвідувально-ударний комплекс,комплекс розвідки та удару,,,
сили і засоби розвідки,розвідувальні ресурси,,,
бойове розпорядження (з розвідки),наказ на бойові дії; вказівка на розвідку,,,
висновки з оцінювання противника,результати аналізу ворога; оцінка противника,,,
вказівки з розвідки,інструкції для розвідників; команди з розвідки,,,
директива з розвідки,розвідувальна директива,,,
оцінка обстановки,аналіз обстановки; оцінювання ситуації,,,
оцінка воєнно-політичної обстановки,аналіз військово-політичної ситуації; оцінювання військових і політичних умов,,,
оцінка воєнно-стратегічної обстановки,стратегічний аналіз; оцінювання військово-стратегічних умов,,,
оцінка збройних сил,аналіз армійських можливостей; оцінювання бойової сили,,,
розвідувальна оцінка (Роц),аналітична оцінка розвідки,,,
замисел розвідки,план розвідки; стратегія розвідки,,,
заявка на розвідку,запит на розвідку; розвідувальний запит,,,
звітний інформаційний документ,звітний документ; інформаційний звіт,,,
ініціативний інформаційний документ,пропозиційний документ; ініціативний звіт,,,
інформаційна довідка,інформаційний звіт; довідковий документ,,,
інформаційний документ,документ з інформацією; інформативний звіт,,,
інформаційно-аналітичний документ,аналітичний документ; інформативний звіт,,,
картотека командного складу противника,досьє противника,,,
аналіз людських мереж (в інтересах розвідувальної діяльності); АЛМ,мережевий аналіз,,,
аналітик (у воєнній розвідці),розвідувальний аналітик,,,
збір розвідувальної інформації,збирання даних,,,
знеособлення розвідувальної інформації,анонімізація даних,,,
інформаційно-аналітична діяльність (у воєнній розвідці); ІАД,аналітична робота,,,
інформаційно-аналітична робота; ІАР,інформаційний аналіз,,,
інформаційно-довідкове забезпечення,аналітичне забезпечення,,,
інформаційні матеріали; ІМ,аналітичні дані,,,
інформаційний потік,потік даних,,,
інформаційно-пошукова робота,робота з пошуку інформації,,,
інформаційне рішення,аналітичне рішення,,,
інформаційна робота; ІР,аналітична діяльність,,,
людська мережа,соціальна мережа; група контактів,,,
поточне оперативне інформаційне забезпечення,поточна інформаційна підтримка,,,
інформаційно-аналітичне забезпечення (у воєнній розвідці),аналітична підтримка,,,
розвідувально-інформаційне поле (воєнної розвідки); РІП,інформаційний простір розвідки,,,
розвідувально-інформаційна робота; РІР,аналітична робота з розвідки,,,
тематичне інформаційне забезпечення,спеціалізоване інформаційне забезпечення,,,
цінність розвідувальної інформації,цінність отриманих даних,,,
військово-технічна інформація,технічні дані військового характеру,,,
воєнно-наукова інформація,наукові дані у воєнній сфері,,,
воєнно-політична інформація,політичні дані воєнної сфери,,,
воєнно-економічна інформація,економічні дані воєнної сфери,,,
інформація агентурної розвідки,дані агентурної розвідки,,,
інформація з відкритих джерел,дані з публічних джерел,,,
інформація з екологічних питань,екологічні дані,,,
інформація оперативна,оперативні дані,,,
інформація про розвідувально-підривну діяльність спеціальних служб,дані про підривну діяльність,,,
інформація про незаконну торгівлю зброєю та технологіями її виготовлення,дані про незаконну торгівлю зброєю,,,
інформація про незаконний обіг наркотичних засобів,дані про наркоторгівлю,,,
інформація про міжнародну організовану злочинність і незаконну міграцію,дані про злочинні угруповання та міграцію,,,
інформація про збройні сили,відомості про армію,,,
інформація про оперативну обстановку,дані про ситуацію,,,
інформація про об'єкт (розвідки),дані про ціль,,,
інформація про терористичну діяльність,дані про терористичні угруповання,,,
інформація технічних видів розвідки,технічні дані розвідки,,,
розвідувальна інформація тактичного рівня,тактичні дані; тактична інформація,,,
спеціальна (розвідувальна) інформація,особлива інформація розвідки,,,
джерело розвідувальної інформації,джерело даних,,,
джерело розвідувальних відомостей розвідувальних матеріалів,джерело відомостей,,,
відкрите джерело інформації,публічне джерело,,,
випадкове нерегулярне джерело (розвідувальної інформації),спорадичне джерело,,,
конфіденційне закрите джерело розвідувальної інформації,таємне джерело,,,
інформативність джерела розвідувальних відомостей,надійність джерела,,,
контрольоване джерело (розвідувальних відомостей),підконтрольне джерело,,,
неконтрольоване джерело (розвідувальних відомостей),некероване джерело,,,
опосередковане джерело розвідувальних відомостей,посереднє джерело,,,
оцінювання джерела розвідувальних відомостей,аналіз надійності джерела,,,
офіційне джерело інформації,державне джерело,,,
пряме джерело розвідувальних відомостей,пряме джерело,,,
повністю надійне джерело розвідувальних відомостей,абсолютно надійне джерело,,,
здебільшого надійне джерело розвідувальних відомостей,достатньо надійне джерело,,,
відносно надійне джерело розвідувальних відомостей,частково надійне джерело,,,
не завжди надійне джерело розвідувальних відомостей,ненадійне джерело,,,
ненадійне джерело розвідувальних відомостей,сумнівне джерело,,,
джерело розвідувальних відомостей з невизначеною надійністю,джерело з невідомою надійністю,,,
інформаційна взаємодія,обмін інформацією; співпраця,,,
інформаційний запит,запит даних; прохання інформації,,,
інформаційний орган підрозділ,інформаційна установа; аналітичний підрозділ,,,
інформаційно-аналітичний орган підрозділ,аналітичний центр; аналітична служба,,,
оцінка стану інформаційно-аналітичної діяльності,оцінка ефективності аналізу,,,
план інформаційно-аналітичної інформаційної роботи,план інформаційної діяльності; графік аналітичної роботи,,,
розвідувально-інформаційне завдання,завдання збору розвідданих; інформаційне доручення,,,
накопичення,збір; нагромадження,,,
облік,реєстрація; контроль,,,
первинне вивчення,попередній аналіз; початкове дослідження,,,
систематизація,упорядкування; класифікація,,,
узагальнення,резюме; синтез,,,
"обробка (розвідувальних даних, відомостей, матеріалів)",аналіз даних; переробка інформації,,,
первинна обробка,попередня обробка; первісний аналіз,,,
часткова обробка,неповний аналіз; частковий розгляд,,,
повна обробка,повний аналіз; детальне дослідження,,,
оцінювання,аналіз; визначення,,,
зіставлення,порівняння; співставлення,,,
аналіз,дослідження; розбір,,,
інтеграція,об'єднання; включення,,,
інтерпретація,тлумачення; роз'яснення,,,
прогнозування,прогноз; передбачення,,,
групова розвідувальна ознака,колективний індикатор,,,
індивідуальна розвідувальна ознака,персональний індикатор,,,
опосередкована розвідувальна ознака,непрямий індикатор,,,
пряма розвідувальна ознака,прямий індикатор,,,
розвідувальна ознака оцінки,індикатор оцінки,,,
розвідувальна ознака прогнозування,індикатор прогнозу,,,
розвідувальна ознака розпізнавання,індикатор ідентифікації,,,
актуальність розвідувальної інформації,актуальність даних; свіжість інформації,,,
випереджувальна розвідувальна інформація,попереджувальні дані,,,
дуже актуальна розвідувальна інформація,дуже свіжа інформація,,,
актуальна розвідувальна інформація,свіжа інформація,,,
посередня розвідувальна інформація,середньої якості дані,,,
неактуальна розвідувальна інформація,застаріла інформація,,,
важливість розвідувальної інформації,значущість даних,,,
розвідувальна інформація першої категорії важливості,найважливіші дані,,,
розвідувальна інформація другої категорії важливості,дані середньої важливості,,,
розвідувальна інформація третьої категорії важливості,менш важливі дані,,,
достовірність розвідувальної інформації,надійність інформації,,,
достовірна розвідувальна інформація,перевірена інформація,,,
імовірна розвідувальна інформація,можлива інформація,,,
малоймовірна розвідувальна інформація,недостовірна інформація,,,
сумнівна розвідувальна інформація,сумнівні дані,,,
недостовірна розвідувальна інформація,фальшиві дані,,,
розвідувальна інформація невизначеної достовірності,невизначена розвідінформація; інформація сумнівної надійності,,,
дезінформація,хибна інформація; спотворення даних; інформаційна пастка,,,
повнота розвідувальної інформації,обсяг розвідінформації; завершеність даних,,,
повна розвідувальна інформація,вичерпна розвідінформація; завершені дані,,,
достатньо повна розвідувальна інформація,адекватно повна розвідінформація; достатньо завершені дані,,,
часткова розвідувальна інформація,неповна розвідінформація; часткові дані,,,
недостатня розвідувальна інформація,брак розвідінформації; неповноцінні дані,,,
ступінь впевненості в аналітичних судженнях,рівень довіри до суджень; аналітична впевненість,,,
високий ступінь впевненості (в аналітичних судженнях),висока аналітична впевненість; значна впевненість в судженнях,,,
середній ступінь впевненості (в аналітичних судженнях),середня аналітична впевненість; помірна впевненість в судженнях,,,
низький ступінь впевненості (в аналітичних судженнях),низька аналітична впевненість; незначна впевненість в судженнях,,,
оцінка безпекового середовища,аналіз безпекової ситуації; оцінювання безпеки,,,
оцінка противника,аналіз ворога; оцінювання сил противника,,,
оцінка воєнно-економічного потенціалу,аналіз військово-економічних можливостей; оцінювання економічного потенціалу,,,
оцінка екологічної обстановки,екологічний аналіз; оцінювання екологічної ситуації,,,
рівень воєнної загрози,ступінь військової загрози; рівень небезпеки від збройних сил,,,
виклик,загроза; випробування,,,
загроза застосування воєнної сили,загроза збройного нападу; ймовірність використання армії,,,
аналітична записка,аналітичний звіт; аналітичний меморандум,,,
аналітичний огляд,оглядовий звіт; аналітичний аналіз,,,
журнал систематизації розвідувальних даних,журнал обліку даних; систематизаційний журнал розвідки,,,
звітна розвідувальна карта,карта результатів розвідки; карта звіту,,,
інформаційно-аналітична довідка,аналітичний звіт; інформативна аналітика,,,
каталог об'єктів розвідки,реєстр розвідувальних об'єктів; перелік об'єктів розвідки,,,
номенклатор розвідувальних ознак,перелік ознак розвідки; каталог розвідувальних ознак,,,
позатерміновий документ,несвоєчасний документ; документ поза термінами,,,
терміновий документ,невідкладний документ; важливий звіт,,,
паспорт загроз національній безпеці (у воєнній сфері),паспорт військових загроз; документ про загрози нацбезпеці,,,
розвідувальна оцінка; Роц,оцінка розвідки; розвідувальне оцінювання,,,
розвідувальне донесення,звіт розвідки; інформаційне донесення,,,
розвідувальне зведення,звіт з розвідки; інформаційне зведення,,,
розвідувальний брифінг; РБ,розвідувальна презентація; інформаційний брифінг,,,
геопросторовий об'єкт (en,geospatial): географічний об'єкт; просторовий об'єкт,,,
кодове позначення (en,nickname): кодовий знак; умовна назва,,,
постачальник розвідувальних даних (en,IMINT provider): постачальник даних розвідки; джерело розвідданих,,,
розвідувальна інформація (en,intelligence information): дані розвідки; інформація з розвідки,,,
розвідувальні дані про ціль (en,target information sheet): інформація про ціль; розвідувальні відомості про об'єкт,,,
своєчасність розвідки,швидкість отримання даних; актуальність розвідки,,,
сумісність (інтероперабельність) видової розвідки (en,IMINT interoperability): сумісність видів розвідки; інтероперабельність розвідувальних систем,,,
узагальнення розвідувальної інформації,агрегування даних розвідки; узагальнені дані розвідки,,,
цифрові зображення (en,digital imagery): цифрові фото; цифрові кадри,,,
кадр (en,frame): знімок; фото,,,
кут сканування (у космічній розвідці),кут огляду; радіус сканування,,,
панорамні зображення (en,panoramic imagery): оглядові зображення; широкі знімки,,,
спектральні зображення (en,spectral imagery): спектральні знімки; спектральна фотографія,,,
фокальна площина (en,focal plane): фокусна площина; площина фокусування,,,
аналіз зображень (en,imagery analysis): розбір знімків; аналіз фотографій,,,
космічний знімок,супутниковий знімок; космічна фотографія,,,
первинна дешифрувальна ознака,основний знак дешифрування; первинний дешифратор,,,
звітний документ космічної розвідки,звіт космічної розвідки; інформаційний документ космічної розвідки,,,
каталог об'єктів космічної розвідки,реєстр космічних об'єктів; перелік об'єктів космічної розвідки,,,
Військова медицина,армійська медицина; медицина збройних сил,,,
Медична обстановка,стан медицини; медичне середовище,,,
термінологічна стаття; терміностаття,словникова стаття; тлумачення термінів,,,
термін,поняття; визначення,,,
бойова стрілецька зброя,вогнепальна зброя; стрілецька зброя для бою,,,
навчальна стрілецька зброя,тренувальна зброя; зброя для навчання,,,
пристрілочна стрілецька зброя,зброя для пристрілки; калібрувальна зброя,,,
стрілецька зброя безперервної стрільби,зброя автоматичної стрільби; безперервна стрілецька зброя,,,
стрілецька зброя комбінованої стрільби,комбінована вогнепальна зброя; зброя з комбінованим режимом стрільби,,,
стрілецька зброя одиночної стрільби,одиночна зброя; зброя для одиночних пострілів,,,
стрілецька зброя серійної стрільби,серійна вогнепальна зброя; зброя для серійної стрільби,,,
автоматична стрілецька зброя (Нд. Самострільна стрілецька зброя),автоматична зброя; самострільна зброя,,,
неавтоматична стрілецька зброя,механічна стрілецька зброя; неавтоматична вогнепальна зброя,,,
самозарядна стрілецька зброя,автоматична самозарядка; напівавтоматична зброя,,,
авіаційна стрілецька зброя,зброя для авіації; вогнепальна зброя авіації,,,
бронетранспортерна стрілецька зброя,зброя для бронетранспортерів; вогнепальна зброя БТР,,,
корабельна стрілецька зброя,морська зброя; корабельна вогнепальна зброя,,,
ручна стрілецька зброя,піхотна зброя; ручна вогнепальна зброя,,,
танкова стрілецька зброя,зброя для танків; вогнепальна зброя танка,,,
автомат,штурмова гвинтівка; автоматична зброя,,,
гвинтівка,рушниця; довгоствольна зброя,,,
єдиний кулемет,універсальний кулемет; єдиний вогнемет,,,
карабін,скорострільна гвинтівка; короткоствольна гвинтівка,,,
кулемет,автоматична вогнепальна зброя; важка стрілецька зброя,,,
пістолет,короткоствольна зброя; вогнепальна зброя ближнього бою,,,
пістолет-кулемет,автоматичний пістолет; короткоствольний автомат,,,
ручний кулемет,піхотний кулемет; легкий кулемет,,,
снайперська гвинтівка,точна гвинтівка; зброя для снайперів,,,
станковий кулемет,кулемет на станку; кулемет на тринозі,,,
прилад зменшення рівня звуку пострілу (ПЗРЗП),глушник; звукознижувач,,,
прилад для безшумної та безполуменевої стрільби (ПБС),глушник; прилад для тихої стрільби,,,
бойова скорострільність,швидкість вогню; темп стрільби,,,
дальність ефективної стрільби,максимальна відстань стрільби; ефективна дальність,,,
подавлення противника (подавлення групи цілей),пригнічення противника; знищення ворога,,,
практична скорострільність,реальна скорострільність; дійсна швидкість стрільби,,,
ураження противника (ураження групи цілей),знищення противника; ураження ворога,,,
ураження цілі,знищення цілі; попадання по цілі,,,
бойовий патрон стрілецької зброї (бойовий патрон) (Нд. Штатний патрон),боєприпас; штатний патрон,,,
бойовий патрон стрілецької зброї зі спеціальною кулею (спеціальний патрон),спеціальний боєприпас; професійний патрон,,,
гвинтівковий патрон,патрон для гвинтівки; боєприпас для гвинтівок,,,
допоміжний патрон стрілецької зброї (допоміжний патрон),додатковий патрон; запасний боєприпас,,,
контрольний патрон стрілецької зброї (контрольний патрон),тестовий патрон; перевірочний боєприпас,,,
Інформаційна сфера,інформаційний простір; сфера інформації,,,
Інформація,дані; відомості,,,
Інформаційний продукт (продукція),інформаційний товар; інформаційна продукція,,,
Інформація з обмеженим доступом,конфіденційна інформація; обмежені дані,,,
Таємна інформація,секретна інформація; засекречені дані,,,
Службова інформація,офіційна інформація; інформація для службового використання,,,
Відкрита інформація,загальнодоступна інформація; публічна інформація,,,
Публічна інформація,загальнодоступні дані; відкрита інформація,,,
Масова інформація,громадська інформація; інформація для мас,,,
Дезінформація,неправдива інформація; маніпулятивні дані,,,
Інформаційна інфраструктура,інфраструктура даних; система інформації,,,
Критична інформаційна інфраструктура,основна інфраструктура даних; ключова інформаційна система,,,
Об'єкт критичної інформаційної інфраструктури,ключовий об'єкт інформаційної системи; важливий елемент інфраструктури,,,
Інформаційно-телекомунікаційна система,телекомунікаційна система даних; інформаційна телесистема,,,
Інформаційний простір,цифровий простір; інформаційне середовище,,,
Кібернетичний простір (кіберпростір),цифровий простір; кіберсередовище,,,
Інформаційна діяльність,робота з інформацією; діяльність з даними,,,
Суб'єкт інформаційної діяльності,учасник інформаційного процесу; оператор інформаційної системи,,,
Інформаційний процес,обробка інформації; процес обміну даними,,,
Інформаційна боротьба,інформаційне протистояння; цифрова війна,,,
Інформаційний удар,удар по інформації; цифрова атака,,,
Інформаційна операція,цифрова операція; операція з даними,,,
Інформаційно-психологічна операція,психологічна інформаційна атака; інформаційна маніпуляція,,,
Інформаційна кампанія,інформаційна акція; кампанія з даними,,,
Цільова аудиторія,планована аудиторія; цільові групи,,,
Радіоелектронний удар,електронна атака; радіочастотний удар,,,
Кібернетичний удар,кібератака; цифровий удар,,,
Інформаційний фон в інформаційному просторі,інформаційний фон; контекст даних,,,
Інформаційний виклик,цифровий виклик; виклик інформаційної безпеці,,,
Інформаційна загроза,цифрова загроза; загроза даним,,,
Кібернетична загроза,кіберзагроза; загроза цифровій безпеці,,,
Інформаційний вплив,цифровий вплив; вплив через інформацію,,,
Засоби інформаційного впливу,інструменти інформаційного впливу; засоби впливу через дані,,,
Технічний захист інформації інформаційних ресурсів,цифровий захист даних; технічний захист ресурсів,,,
Кібернетична безпека (кібербезпека),цифрова безпека; інформаційна безпека,,,
Кібернетичний захист,цифровий захист; захист від кібератак,,,
Загроза інформаційній безпеці держави у воєнній сфері,загроза державній інформаційній безпеці; загроза цифровій безпеці в армії,,,
Інформаційна безпека держави у воєнній сфері,цифрова безпека держави; захист державних даних у воєнній сфері,,,
Об'єкти інформаційної безпеки держави у воєнній сфері,об'єкти цифрової безпеки держави; об'єкти інформаційного захисту держави,,,
Інформаційна безпека Міністерства оборони України та Збройних Сил України,цифрова безпека МОУ; інформаційний захист ЗСУ,,,
Інформація воєнного характеру,воєнні дані; військова інформація,,,
Дані воєнного характеру,військові дані; дані військового характеру,,,
Комплексна система захисту інформації інформаційних ресурсів,система захисту інформації; комплекс інформаційного захисту,,,
Комплекс технічного захисту інформації,технічна система захисту; система захисту даних,,,
автоматизована система управління військової розвідки; АСУВР,автоматизована розвідувальна система; АСУ військової розвідки,,,
аналіз розвідувальної інформації,обробка розвідданих; аналіз розвідувальних даних,,,
ведення розвідки,проведення розвідки; розвідувальні операції,,,
вивчення об'єкта розвідки,аналіз розвідки; оцінка розвідуваного об'єкта,,,
викриття об'єкта розвідки,розкриття об'єкта розвідки; виявлення противника,,,
виявлення об'єкта розвідки,ідентифікація об'єкта розвідки; знаходження цілі,,,
глибина розвідки,дистанція розвідки; глибина аналізу,,,
дальність розвідки,радіус розвідки; обсяг розвідувальних даних,,,
демаскувальна ознака,ознака викриття; ознака розкриття,,,
доведення розвідувальної інформації,передача розвідувальних даних; надання інформації,,,
ешелонування спостережних постів,ротація спостережних пунктів; розподіл постів спостереження,,,
збір інформації,збирання даних; отримання розвідувальних даних,,,
інтерпретація розвідувальної інформації,тлумачення розвідувальних даних; аналіз отриманої інформації,,,
накопичення розвідувальної інформації,збирання даних; нагромадження інформації,,,
нарощування зусиль розвідки,посилення розвідувальних дій; збільшення розвідувальних заходів,,,
облік розвідувальної інформації,реєстрація розвідувальних даних; ведення обліку інформації,,,
"об'єднана система розвідки, спостереження і рекогносцировки",інтегрована система розвідки; об'єднана система моніторингу,,,
об'єкт військової розвідки,ціль військової розвідки; об'єкт дослідження,,,
обробка розвідувальної інформації,аналіз розвідувальних даних; обробка даних,,,
організація виведення розвідувальної групи в район ведення розвідки,операція виведення розвідувальної групи; організація виходу розвідгрупи,,,
оцінювання обстановки,оцінка ситуації; аналіз оперативної обстановки,,,
оцінювання противника,оцінка ворога; аналіз противника,,,
першочергові; найважливіші об'єкти розвідки,пріоритетні об'єкти; найважливіші цілі,,,
планування розвідки,розробка плану розвідки; план дій розвідувальної операції,,,
район відповідальності розвідки,область відповідальності; зона операцій,,,
район інтересу розвідки,область інтересу; зона моніторингу,,,
розвідка маршруту,маршрутна розвідка; дослідження маршруту,,,
розвідка місцевості,топографічна розвідка; дослідження місцевості,,,
розвідувальна інформація;,розвіддані; інформація розвідки,,,
розвідувальна інформація про ціль,дані про ціль; інформація про об'єкт,,,
розвідувальна підготовка,підготовка розвідників; навчання розвідувального персоналу,,,
розвідувально-бойове завдання,бойове розвідувальне завдання; оперативне бойове завдання,,,
сектор розвідки,область розвідки; зона розвідувальної діяльності,,,
система спостереження,система моніторингу; наглядова система,,,
систематизація розвідувальної інформації,упорядкування даних; організація інформації,,,
смуга розвідки,зона розвідки; діапазон розвідувальної діяльності,,,
споживач розвідувальної інформації,отримувач розвідувальних даних; користувач інформації,,,
спроможності розвідки,можливості розвідки; здатності розвідувальних сил,,,
ціль,об'єкт; завдання,,,
біологічна хімічна радіологічна ядерна розвідка,хімічна розвідка; моніторинг біологічних загроз,,,
вид військової розвідки,тип військової розвідки; категорія розвідувальних дій,,,
тактична особова розвідка,людська розвідка; персональна розвідка,,,
технічна розвідка,інженерний моніторинг; технологічна розвідка,,,
фотографічна розвідка,розвідка зображень; знімкова розвідка,,,
всеосяжність розвідки,повнота розвідки; обширність даних,,,
гнучкість розвідки,адаптивність розвідки; маневреність розвідки,,,
доступність розвідки,відкритість даних; зручність доступу до інформації,,,
надійність розвідки,вірогідність розвідувальних даних; точність інформації,,,
обмін розвідки,обмін даними; спільне використання інформації,,,
оперативна сумісність розвідки,інтеграція розвідувальних систем; співпраця розвідувальних сил,,,
повнота розвідки,завершеність розвідки; вичерпність даних,,,
придатність до використання розвідки,корисність інформації; застосовність даних,,,
точність розвідки,вірогідність даних; детальність розвідки,,,
швидкість реакції розвідки,оперативність розвідки; час реакції,,,
бойовий розвідувальний дозор,розвідувальний патруль; бойовий дозор,,,
бойова розвідувальна машина,розвідувальний бронетранспортер; бронемашина розвідки,,,
броньована розвідувально-дозорна машина,бронедозорна машина; бронетехніка розвідки,,,
військова частина  підрозділ розвідки,підрозділ розвідки; військовий відділ розвідки,,,
група управління розвідки,керівна група розвідки; координаційна група,,,
датчик,сенсор; індикатор,,,
дозорне відділення,патрульна група; спостережний підрозділ,,,
засоби розвідки,інструменти розвідки; обладнання для моніторингу,,,
комплекс розвідувально-сигналізаційних засобів,комплекс моніторингу; система спостереження,,,
орган розвідки,відділ розвідки; служба розвідки,,,
орган управління розвідки,керівництво розвідки; командування розвідки,,,
пост добування (РЕР),пост збору даних; пункт розвідки,,,
пост пеленгування (РЕР),пункт радіопеленгації; станція пеленгації,,,
пост підслуховування,пункт аудіоспостереження; станція прослуховування,,,
пост пошуку (РЕР),пункт виявлення; розвідувальний пост,,,
пост радіоперехоплення (РЕР),станція радіоперехоплення; пункт радіоаналізу,,,
пост радіорозвідки (РЕР),станція радіорозвідки; пункт радіоспостереження,,,
пост радіотехнічної розвідки (РЕР),пункт радіотехнічного спостереження; станція технічної розвідки,,,
пост спостереження (РЕР),спостережний пункт; наглядовий пост,,,
розвідник,шпигун; агент,,,
розвідувальна група (РГ),група розвідки; команда розвідників,,,
Розвідувальний безпілотний авіаційний комплекс (РБПАК),розвідувальний дрон; авіарозвідка,,,
розвідувальний дозор (РД),передовий дозор; патруль розвідки,,,
розвідувальний загін (РЗ),загін розвідників; розвідувальний підрозділ,,,
сили розвідки,розвідувальні ресурси; розвідувальні формування,,,
спостережний пост,пункт спостереження; сторожовий пост,,,
спостерігач,наглядач; розвідник,,,
"вивчення захоплених документів, зразків озброєння і військової техніки",аналіз трофеїв; дослідження трофейної техніки,,,
військовий пошук,військова розвідка; пошук військових цілей,,,
"допит (полонених, перебіжчиків, місцевих громадян)",опитування затриманих; розвідувальний допит,,,
наліт,атакувальний рейд; раптова атака,,,
опитування місцевих жителів,соціальне опитування; допит населення,,,
пеленгування,відстеження; виявлення напрямку,,,
перехоплення,перехоплення сигналу; відсічення,,,
підслуховування,прослуховування; аудіоперехоплення,,,
розвідувальний пошук,пошук розвідки; розвідувальні операції,,,
розвідка боєм,бойова розвідка; атака з розвідкою,,,
розвідувальна засідка,прихована засідка; засідка розвідників,,,
спосіб ведення розвідки,метод розвідки; тактика розвідки,,,
спостереження,моніторинг; нагляд,,,
стеження,спостереження за об'єктом; розвідницьке стеження,,,
фотографування,зйомка; фіксація,,,
відомість втрат і поповнення противника,зведення втрат ворога; звіти про втрати і підкріплення противника,,,
журнал розпоряджень і донесень,книга наказів і донесень; реєстр команд,,,
журнал спостереження,книга спостережень; реєстр спостережень,,,
карта спеціальна,спеціалізована карта; особлива карта,,,
карта цифрова,електронна карта; цифровий план,,,
позиційна точність,точність координат; просторова точність,,,
просторовий аналіз,аналіз простору; геопросторовий аналіз,,,
Активність РЕР,рівень активності розвідувальних дій РЕР; активна операційна діяльність РЕР,,,
Достовірність РЕР,якість отриманих даних; надійність інформації РЕР,,,
Оперативна РЕР,оперативність дій РЕР; швидкість виконання завдань РЕР,,,
Оперативне управління в РЕР,управління розвідувальними операціями; швидке реагування та контроль,,,
Оперативність РЕР,швидкість реакції РЕР; операційна ефективність,,,
Орган управління РЕР,структурний орган управління РЕР; керівництво РЕР,,,
Підсистема добування розвідувальних відомостей,система збору інформації; інфраструктура для розвідки,,,
"Підсистема збору, обробки, аналізу і доповіді розвідувальної інформації",система для аналітичної роботи РЕР; інфраструктура обробки даних,,,
Підсистема управління силами і засобами РЕР,координація ресурсів РЕР; управління операціями розвідки,,,
Радіорозвідка РР,радіоелектронна розвідка; отримання даних через радіо,,,
Радіотехнічна розвідка РТР,розвідка технічних даних; моніторинг через радіотехніку,,,
Скритність РЕР,приховані дії РЕР; невидимість операцій РЕР,,,
Стратегічна РЕР,довгострокове планування розвідки; стратегічне управління розвідувальними операціями,,,
Тактична РЕР,розвідка для короткострокових операцій; тактичні дії РЕР,,,
Точність визначення місцеположення об'єкта (джерела) РЕР,точність географічного положення; координатна точність,,,
Цілеспрямованість РЕР,фокусування на конкретному завданні; спрямованість операцій,,,
Викриття об'єкта РЕР,виявлення об'єкта; експозиція цілі,,,
Відоме  Раніше розвідане  джерело,раніше знайдене джерело; відомий об'єкт розвідки,,,
Доступність джерела РЕР,ступінь доступу до джерела; відкритість об'єкта,,,
Енергетична доступність джерела РЕР,рівень енергетичної ефективності; енергетичний потенціал джерела,,,
Еталонний опис Формуляр джерела РЕР,стандартний опис об'єкта; зразок документації джерела,,,
Інформативність джерела РЕР,інформаційна цінність; якість даних з джерела,,,
Інформаційна доступність джерела РЕР,обсяг доступної інформації; ступінь публічності інформації,,,
Об'єкт РЕР,ціль РЕР; об'єкт спостереження,,,
Опосередковане Непряме джерело РЕР,непряме джерело інформації; посереднє джерело даних,,,
Перелік Номенклатор джерел РЕР,список джерел інформації; перелік можливих джерел,,,
Першочерговий Найважливіший об'єкт РЕР,пріоритетний об'єкт; найважливіша ціль,,,
Структурна Апаратна доступність джерела РЕР,технічна доступність; структурна можливість доступу,,,
Автоматизований пост,пост з автоматизованими процесами; система автоматизації операцій,,,
Багатофункціональний пост,пост з багатофункціональними можливостями; універсальний пост,,,
Бойова обслуга поста,персонал для бойових дій; команда для обслуговування поста,,,
Бойовий пост,місце для виконання бойових завдань; стратегічний пост,,,
Бойові оперативно-технічні можливості добувного підрозділу РЕР ОсП,операційний потенціал підрозділу; бойові можливості підрозділу,,,
Військова частина РЕР особливого призначення ОсП,спеціалізована військова частина; підрозділ особливого призначення,,,
Добувний підрозділ РЕР ОсП,підрозділ для збору розвідувальних даних; структура для добування інформації,,,
Командний пункт КП військової частини (підрозділу) РЕР ОсП,пункт управління військовою частиною; центр керівництва операціями,,,
Комплекс РЕР,система для виконання розвідувальних операцій; розвідувальна інфраструктура,,,
Неавтоматизований пост,пост з ручним керуванням; пост без автоматизації,,,
Пост добування,місце збору інформації; точка добування даних,,,
Пост зв'язку,точка для забезпечення зв'язку; комунікаційний пост,,,
Пост обробки,місце для обробки даних; точка аналізу інформації,,,
Розвідувальний пост,місце розвідувальних операцій; пункт спостереження,,,
Сили і засоби РЕР,ресурси РЕР; інструменти для виконання завдань,,,
Організація взаємодії,координація між підрозділами; структурна взаємодія,,,
План РЕР,стратегічний план дій; планування операцій РЕР,,,
Резерв сил і засобів РЕР,резервні ресурси; запасні сили для операцій,,,
Розвідувальне завдання РзЗ,завдання для збору даних; ціль розвідки,,,
Аналіз розвідувальної інформації,аналіз даних розвідки; обробка розвідувальної інформації,,,
База пеленгування,місце для пеленгування сигналів; центр моніторингу,,,
Безперервне спостереження,постійний моніторинг; безперервний нагляд,,,
Глибина ведення РЕР,масштаб операцій; глибина розвідувальних дій,,,
Добування розвідувальних відомостей,збір розвідувальних даних; добування інформації,,,
Дорозвідка,додаткове розвідування; повторна розвідка,,,
Засічка,визначення координат; обмеження зони,,,
Зона впевненого пеленгування,область точного пеленгування; точна зона спостереження,,,
Комбінований метод визначення координат,змішаний метод знаходження координат; комплексний спосіб визначення положення,,,
Комбінований пошук,змішаний метод пошуку; комплексний пошук,,,
Кут місця цілі,кут піднесення до цілі; висота цілі,,,
Лінія положення ДРВ,лінія розташування радіовипромінювань; лінія радіоактивних джерел,,,
Обробка розвідувальної інформації,аналіз зібраної інформації; систематизація розвідувальних даних,,,
Оперативно-технічний аналіз радіовипромінювань ОТА РВ,технічний аналіз радіоактивних сигналів; операційний аналіз радіохвиль,,,
Оперативно-технічний захід,операційне технічне рішення; технічна операція,,,
Пеленгування,визначення напрямку; пеленгаційний процес,,,
Пеленгування за завданням,цільове пеленгування; пеленгування по вказівці,,,
Первинна обробка розвідувальної інформації,перший етап обробки даних; початковий аналіз розвідданих,,,
Первинне вивчення розвідувальної інформації,початковий аналіз даних; перше опрацювання інформації,,,
Перехоплення,отримання даних; захоплення сигналу,,,
Періодичне спостереження,регулярний моніторинг; систематичне спостереження,,,
Повна обробка розвідувальної інформації,комплексний аналіз даних; повний розгляд інформації,,,
Пошук,виявлення об'єкта; розвідувальний пошук,,,
Пошук за частотою,виявлення по частоті; частотне пеленгування,,,
Проводка,керування сигналами; ведення даних,,,
Радіопеленгаторна мережа РПМ,мережа пеленгаторів; система пеленгування,,,
Радіотехнічна пеленгаторна група РТПГ,група технічного пеленгування; технічний пеленгаторний загін,,,
Район особливої уваги,цільова область; зона підвищеної уваги,,,
Розвідувальні відомості,отримані дані; інформація з розвідки,,,
Розвідувальні дані,розвідувальна інформація; збір розвідданих,,,
Розвідувальна інформація (РІ) РЕР,інформація зі спостережень; розвідувальні дані РЕР,,,
Розвідувальні матеріали,матеріали зібрані в ході розвідки; документи розвідувальної операції,,,
Синхронне пеленгування,одночасне визначення напрямку; координаційне пеленгування,,,
Спостереження,моніторинг об'єкта; нагляд,,,
Тематична Довготривала обробка розвідувальної інформації,глибокий аналіз даних; тривала робота з розвідданими,,,
Узагальнення розвідувальної інформації,систематизація даних; об'єднання інформації,,,
Шифроперехоплення,перехоплення закодованих сигналів; розшифровка перехопленої інформації,,,
Довідка технічних даних,інформаційна довідка; технічна документація,,,
Загальна РЕО,загальна радіоелектронна оцінка; комплексний радіоелектронний огляд,,,
Інформаційний документ з РЕР,документ з даними РЕР; інформаційна довідка РЕР,,,
Оперативна обстановка,ситуація на полі бою; поточна ситуація,,,
Позачергове Позапланове донесення,екстрене донесення; незаплановане повідомлення,,,
Розвідувальна довідка,документ з розвідданими; інформаційна розвідка,,,
виріб (військової авіаційної техніки),продукт військової техніки; об'єкт авіаційної техніки,,,
функція (виробу військової авіаційної техніки),призначення авіаційного виробу; робота авіаційної техніки,,,
надійність виробу (військової авіаційної техніки),надійність техніки; довговічність виробу,,,
поточний аналіз надійності (військової авіаційної техніки),поточний стан надійності; періодичний аналіз,,,
граничний стан (виробу військової авіаційної техніки),максимальний ресурс виробу; стан перед поломкою,,,
причина відмови пошкодження,причина виходу з ладу; причина несправності,,,
наробіток (виробу військової авіаційної техніки),час експлуатації військової авіатехніки; період роботи авіаційного виробу,,,
деградація; деградаційний процес,погіршення технічного стану; процес старіння,,,
показник надійності (виробу військової авіаційної техніки),індекс надійності; коефіцієнт довговічності,,,
"наліт на відмову, яка призводить до невиконання бойового польотного завдання",наліт до відмови; поломка під час виконання завдання,,,
державне повітряне судно,повітряне судно державної належності; державний літальний апарат,,,
повітряне судно,літак; авіасудно,,,
потрібна функція (виробу військової авіаційної техніки),необхідна функція техніки; призначення виробу,,,
працездатний стан,робочий стан; активний стан,,,
режим технічного обслуговування,графік ТО; план техобслуговування,,,
технічне обслуговування,обслуговування техніки; технічні роботи,,,
форма технічного обслуговування,тип обслуговування; модель обслуговування,,,
цільова функція,функція призначення; завдання виробу,,,
відновні роботи,ремонтні роботи; роботи з відновлення,,,
комплектувальний виріб (повітряного судна),частина авіатехніки; компонент повітряного судна,,,
критерій граничного стану,показник критичного стану; індикатор граничного ресурсу,,,
метод технічної експлуатації до передвідмовного стану,метод роботи до відмови; експлуатація до поломки,,,
передвідмовний стан,стан перед відмовою; критичний стан,,,
упереджувальний допуск,превентивний контроль; заздалегідь допустимий параметр,,,
функціональна значущість,функціональна важливість; функціональна роль,,,
інформація,дані; відомості,,,
дані,інформаційні одиниці; дані,,,
великі дані,масив даних; об'ємна інформація,,,
програмне забезпечення,софт; комп'ютерна програма,,,
інтелектуальна система,розумна система; автоматизована система,,,
підготовлення інформаційно-аналітичних матеріалів,підготовка аналітичних матеріалів; збір інформації для аналізу,,,
узагальнення інформації,систематизація інформації; об'єднання даних,,,
розрахункова задача,обчислювальна задача; математична задача,,,
центр обробки даних,центр даних; серверна база,,,
розпорядник автоматизованої системи,власник системи; адміністратор автоматизації,,,
користувач автоматизованої системи,оператор системи; споживач автоматизації,,,
інформаційна безпека,безпека даних; захист інформації,,,
інформаційний продукт,продукт даних; інформаційний виріб,,,
попередній розгляд документів,первинний аналіз документів; попереднє опрацювання,,,
Охоронна зона,зона безпеки; область охорони,,,
Периметрові ТЗО,захисний периметр; охоронний контур,,,
детонація,вибух; детонування,,,
Безпечна по передачі детонації відстань,безпечна дистанція від вибуху; допустима відстань для вибуху,,,
Контейнерне зберігання,зберігання в контейнерах; контейнерна система зберігання,,,
Сховище захищеного типу,укріплене сховище; захищений склад,,,
Ударна хвиля (вибуху),вибухова хвиля; удар від вибуху,,,
запровадження стандарту НАТО,впровадження стандартів НАТО; адаптація стандартів НАТО,,,
відповідність призначеності (ОВТ),відповідність вимогам; фітнес для цілей,,,
міжнародний нормативний документ з військової стандартизації,глобальний військовий стандарт; міжнародна військова норма,,,
гармонізовані військові стандарти,узгоджені військові норми; гармонізовані військові правила,,,
строк дії нормативного документа,період чинності; строк валідності,,,
застосування нормативного документа з військової стандартизації,впровадження стандарту; застосування норми,,,
прийняття міжнародного стандарту,затвердження міжнародного стандарту; прийняття міжнародної норми,,,
пряме застосування міжнародного стандарту,директивне застосування; повне впровадження міжнародної норми,,,
датоване посилання на військові стандарти,фіксоване посилання; стале посилання,,,
загальне посилання на військові стандарти,узагальнене посилання; загальна довідка,,,
недатоване посилання на військові стандарти,посилання з плаваючою ідентифікацією; гнучке посилання,,,
посилання на військові стандарти в нормативно-правових актах,посилання на стандарти в законодавстві; норма в регуляціях,,,
зміна,корекція; модифікація,,,
перевірка,ревізія; перевірка стандарту,,,
захист державного кордону України,охорона кордону; захист державного рубежу,,,
оборона України,захист України; оборона національних інтересів,,,
функціональна група спроможностей,оперативна група; група спроможностей,,,
носій спроможності,основа спроможності; носій функції,,,
воєнно-політичні відносини,воєнні відносини; політична співпраця у військовій сфері,,,
збройний конфлікт,воєнний конфлікт; збройне протистояння,,,
міжнародний тероризм,глобальний тероризм; транснаціональний тероризм,,,
нейтральна зона,буферна зона; демілітаризована зона,,,
технологічний тероризм,кібертероризм; технічний тероризм,,,
стратегічні припущення,стратегічні оцінки; припущення стратегічного рівня,,,
